IdClaveEdo,IdClaveMun,Descripcion
"26","428","ETCHOJOA"
"26","429","GUAYMAS"
"26","430","HERMOSILLO"
"26","431","HUATABAMPO"
"26","432","MAGDALENA"
"26","433","NAVOJOA"
"26","434","NOGALES"
"26","435","PITIQUITO"
"26","436","PUERTO PENASCO"
"26","437","SAN LUIS RIO COLORADO SON"
"26","438","SANTA ANA"
"26","439","URES"
"27","440","CARDENAS"
"27","441","CENTRO"
"27","442","COMALCALCO"
"27","443","HUIMANGUILLO"
"27","444","JALAPA"
"27","445","MACUSPANA"
"27","446","TACOTALPA"
"27","447","TENOSIQUE"
"27","448","TEAPA"
"28","449","ALDAMA TAM"
"28","450","ALTAMIRA TAM"
"28","451","ANTIGUO MORELOS TAM"
"28","452","CAMARGO TAM"
"28","453","CD MADERO TAM"
"28","454","GOMEZ FARIAS TAM"
"28","455","VILLA GONZALEZ TAM"
"28","456","GUERRERO TAM"
"28","457","GUSTAVO DIAZ ORDAZ TAM"
"28","458","LLERA TAM"
"28","459","EL MANTE TAM"
"28","460","MATAMOROS TAM"
"25","973","COSALA"
"25","974","ELOTA"
"16","975","CHURUNUCO"
"30","976","ALTO LUCERO"
"03","977","COMONDU"
"16","978","STA ANA PACUECO"
"15","979","CUAUTITLAN IZCALLI"
"26","980","NACOZARI DE GARCIA"
"30","981","CHINAMECA"
"07","982","REFORMA"
"30","983","PUEBLO VIEJO VER"
"13","984","TEZONTEPEC DE ALDAMA"
"08","985","GUERRERO"
"07","986","TECPATAN"
"20","987","EL ESPINAL"
"20","988","SANTIAGO PINOTEPA NACIONAL"
"27","989","CUNDUACAN"
"27","990","PARAISO"
"26","991","ALAMOS"
"03","992","LOS CABOS"
"15","993","JILOTZINGO"
"15","994","ISIDRO FABELA"
"05","995","SIERRA MOJADA"
"05","996","GENERAL CEPEDA"
"05","997","HIDALGO COAH"
"07","998","PIJIJIAPAN"
"07","999","MAPASTEPEC"
"07","100","FRONTERA COMALAPA"
"12","111","ZIRANDARO"
"15","111","TEJUPILCO"
"15","111","ATLACOMULCO"
"15","111","TEMASCALCINGO"
"15","111","TIMILPAN"
"15","111","MORELOS"
"15","111","TEMOAYA"
"15","111","JIQUIPILCO"
"15","111","TENANGO DEL VALLE"
"15","112","CALIMAYA"
"15","112","MEXICALCINGO"
"15","112","RAYON"
"15","112","SAN ANTONIO DE LA ISLA"
"15","112","EL ORO"
"16","112","TLALPUJAHUA"
"15","112","VILLA VICTORIA"
"15","112","VILLA DE ALLENDE"
"15","112","SULTEPEC"
"15","112","TEXCALTITLAN"
"15","113","ALMOLOYA DE ALQUISIRAS"
"15","113","TEMASCALTEPEC"
"15","113","SAN SIMON DE GUERRERO"
"15","113","MALINALCO"
"15","113","OCUILAN"
"15","113","DONATO GUERRA"
"15","113","AMANALCO"
"15","113","XONACATLAN"
"15","113","ALMOLOYA DE JUAREZ"
"15","113","JALATLACO"
"15","114","TEXCALCAYAC"
"15","114","CHAPULTEPEC"
"15","114","VILLA GUERRERO"
"15","114","ZUMPAHUACAN"
"15","114","JOQUICINGO"
"15","114","TONATICO"
"15","114","COATEPEC HARINAS"
"15","114","SAN FELIPE DEL PROGRESO"
"16","114","TEPALCATEPEC"
"16","114","BUENAVISTA"
"16","115","PAJACUARAN"
"16","115","ZINAPECUARO"
"16","115","QUERENDARO"
"16","115","INDAPARAPEO"
"16","115","OCAMPO"
"16","115","VISTA HERMOSA"
"21","374","SAN ANDRES CHOLULA"
"21","375","SAN GREGORIO ATZOMPA"
"21","376","SAN JOSE CHIAPA"
"21","377","SAN MARTIN TEXMELUCAN"
"21","378","SAN MATIAS TLALANCALECA"
"24","122","ARMADILLO DE LOS INFANTE"
"24","122","CERRO DE SAN PEDRO"
"24","122","MEXQUITIC DE CARMONA"
"24","122","CERRITOS"
"24","122","VILLA JUAREZ"
"24","122","VILLA HIDALGO"
"24","122","AHUALULCO"
"24","122","GUADALCAZAR"
"24","122","CATORCE"
"24","122","TAMPACAN"
"24","123","LAGUNILLAS"
"17","123","TEMOAC"
"21","123","ACTEOPAN"
"18","123","SAN PEDRO LAGUNILLAS"
"19","123","ANAHUAC"
"30","123","NANCHITAL L CARDENAS DEL RIO"
"19","123","LAMPAZOS DE NARANJO"
"19","123","AGUALEGUAS"
"19","123","PARAS"
"19","123","ARAMBERRI"
"19","124","GENERAL ZARAGOZA"
"19","124","CERRALVO"
"19","124","MELCHOR OCAMPO"
"19","124","GENERAL TREVI&O"
"19","124","CIENEGA DE FLORES"
"19","124","GENERAL ZUAZUA"
"19","124","MARIN"
"19","124","DR GONZALEZ"
"19","124","HIGUERAS"
"19","124","CHINA"
"19","125","GENERAL BRAVO"
"19","125","DOCTOR COSS"
"19","125","LOS ALDAMAS"
"19","125","LOS RAMONES"
"19","125","LOS HERRERAS"
"12","125","LA UNION"
"19","125","ABASOLO"
"19","125","MINA"
"19","125","VILLALDAMA"
"19","125","BUSTAMANTE"
"19","126","VALLECILLO"
"19","126","DR ARROYO"
"19","126","MIER Y NORIEGA"
"19","126","GALEANA"
"19","126","ITURBIDE"
"19","126","RAYONES"
"20","126","SAN BALTAZAR CHICHICAPAM"
"20","126","SAN JUAN GUICHICOVI"
"20","126","SANTA MARIA PETAPA"
"20","126","SANTO DOMINGO PETAPA"
"20","127","SAN PEDRO TAPANATEPEC"
"20","127","SANTO DOMINGO ZANATEPEC"
"20","127","CHAHUITES"
"20","127","SANTIAGO NILTEPEC"
"20","127","SANTA MARIA XADANI"
"20","127","SANTIAGO HUAJOLOTITLAN"
"20","127","ZAPOTITLAN PALMAS"
"20","127","SAN JERONIMO SILACAYOAPILLA"
"20","127","TEZOATLAN DE SEGURA Y LUNA"
"20","127","SAN JUAN TEPOSCOLULA"
"20","128","SANTOS REYES PAPALO"
"20","128","HEROICA CIUDAD DE TLAXIACO"
"20","128","SANTA MARIA DEL ROSARIO"
"20","128","SAN CRISTOBAL AMOLTEPEC"
"20","128","SANTIAGO JAMILTEPEC"
"20","128","SAN ANDRES HUAXPALTEPEC"
"20","128","SAN PEDRO TUTUTEPEC"
"20","128","SAN BLAS ATEMPA"
"20","128","SANTA CATARINA MECHOACAN"
"21","128","CUETZALAN DEL PROGRESO"
"21","129","TLATLAUQUITEPEC"
"21","129","ZARAGOZA"
"21","129","ACATLAN"
"21","129","CHIGNAHUAPAN"
"21","129","TETELA DE OCAMPO"
"21","129","AQUIXTLA"
"29","129","EL CARMEN TEQUEXQUITLA"
"21","129","HUEJOTZINGO"
"21","129","CHIAUTZINGO"
"21","129","TLALTENANGO"
"21","130","MOLCAXAC"
"21","130","TLACOTEPEC DE BENITO JUAREZ"
"21","130","JUAN NEPOMUCENO MENDEZ"
"21","130","IXCAQUIXTLA"
"21","130","TEPEXI DE RODRIGUEZ"
"21","130","COYOTEPEC"
"21","130","SAN FELIPE TEOTLALCINGO"
"21","130","TEHUITZINGO"
"21","130","SAN GABRIEL CHILAC"
"21","130","ZINACATEPEC"
"21","131","ZACAPOAXTLA"
"21","131","HUEHUETLAN EL CHICO"
"29","131","TEOLOCHOLCO"
"29","131","TOTOLAC"
"29","131","TETLA"
"29","131","TOCATLAN"
"29","131","IXTENCO"
"29","131","MAZATECOCHCO DE JOSE MARIA MORELOS"
"23","131","FELIPE CARRILLO PUERTO"
"25","131","MOCORITO"
"26","132","SAHUARIPA"
"26","132","BACANORA"
"26","132","ARIVECHI"
"26","132","ROSARIO"
"26","132","FRONTERAS"
"26","132","NACO"
"27","132","BALANCAN"
"27","132","EMILIANO ZAPATA"
"27","132","JONUTA"
"27","132","JALPA DE MENDEZ"
"27","133","NACAJUCA"
"07","133","LA LIBERTAD"
"07","133","CATAZAJA"
"07","133","PICHUCALCO"
"07","133","IXTACOMITAN"
"07","133","JUAREZ"
"07","133","SOLUSUCHIAPA"
"07","133","OSTUACAN"
"07","133","PALENQUE"
"28","133","SAN FERNANDO TAM"
"28","134","SOTO LA MARINA TAM"
"28","134","PADILLA TAM"
"28","134","JIMENEZ TAM"
"28","134","ABASOLO TAM"
"28","134","HIDALGO TAM"
"28","134","VILLAGRAN TAM"
"28","134","MAINERO TAM"
"28","134","TULA TAM"
"30","134","CASTILLO DE TEAYO"
"30","134","GUTIERREZ ZAMORA"
"30","135","TECOLUTLA"
"30","135","ALTOTONGA"
"30","135","JALACINGO"
"30","135","MANLIO FAVIO ALTAMIRANO"
"30","135","SOLEDAD DE DOBLADO"
"30","135","YECUATLA"
"30","135","PUENTE NACIONAL"
"30","135","TLANELHUAYOCAN"
"30","135","VEGA DE ALATORRE"
"30","135","OLUTA"
"30","136","SAYULA DE ALEMAN"
"12","144","GRAL HELIODORO CASTILLO"
"12","144","AZOYU"
"12","144","CUAJINICUILAPA"
"13","144","ALFAJAYUCAN"
"13","144","EL ARENAL"
"13","144","CARDONAL"
"13","144","CHAPANTONGO"
"13","144","CHILCUAUTLA"
"13","145","FRANCISCO I MADERO"
"13","145","HUICHAPAN"
"13","145","NOPALA"
"13","145","SAN AGUSTIN TLAXIACA"
"13","145","SAN SALVADOR"
"13","145","TECOZAUTLA"
"13","145","TEPETITLAN"
"13","145","VILLA DE TEZONTEPEC"
"13","145","TOLCAYUCA"
"13","145","ZAPOTLAN DE JUAREZ"
"13","146","ZIMAPAN"
"14","146","ACATIC"
"14","146","CHIMALTITAN"
"14","146","HUEJUCAR"
"14","146","HUEJUQUILLA EL ALTO"
"14","146","OJUELOS DE JALISCO"
"14","146","SAN CRISTOBAL DE LA BARRANCA"
"14","146","SAN DIEGO DE ALEJANDRIA"
"14","146","SAN JULIAN"
"14","146","SAN MARTIN DE BOLA&OS"
"14","147","ATEMAJAC DE BRIZUELA"
"14","147","ATENGO"
"14","147","ATENGUILLO"
"14","147","CABO CORRIENTES"
"14","147","CHIQUILISTLAN"
"14","147","JILOTLAN DE LOS DOLORES"
"14","147","MANUEL M DIEGUEZ"
"14","147","MIXTLAN"
"14","147","SAN SEBASTIAN DEL OESTE"
"14","147","TOLIMAN"
"14","148","TONAYA"
"14","148","TUXCACUESCO"
"14","148","ZAPOTITLAN DE VADILLO"
"14","148","ZAPOTLAN DEL REY"
"15","148","ACULCO"
"15","148","ZACUALPAN"
"15","148","SOYANIQUILPAN DE JUAREZ"
"15","148","ZACAZONAPAN"
"15","148","POLOTITLAN"
"15","148","HUEYPOXTLA"
"15","149","JALTENCO"
"15","149","NEXTLALPAN"
"15","149","TEMASCALAPA"
"15","149","TEQUIXQUIAC"
"17","149","HUITZILAC"
"18","149","EL NAYAR"
"20","149","STA MARIA COLOTEPEC OAX"
"20","149","UNION HIDALGO"
"20","149","SANTA MARIA JALAPA DEL MARQUEZ"
"20","149","SANTA MARIA MIXTEQUILLA"
"21","150","AHUAZOTEPEC"
"21","150","ATEMPAN"
"16","115","TANHUATO"
"16","115","BRISENAS"
"16","115","ZINAPARO"
"21","150","CUYOACO"
"21","150","CHIGNAHUTLA"
"21","150","HUEYTAMALCO"
"21","150","TEPEYAHUALCO"
"21","150","TETELES DE AVILA CASTILLO"
"21","150","XIUTETELCO"
"21","150","CALPAN"
"21","150","DOMINGO ARENAS"
"21","151","CA&ADA MORELOS"
"30","151","TRES VALLES"
"21","151","SAN SALVADOR EL VERDE"
"21","151","HUEHUETLAN EL GRANDE"
"21","151","TOCHTEPEC"
"30","151","AGUA DULCE"
"23","151","JOSE MA MORELOS Q ROO"
"28","151","SAN CARLOS"
"04","151","ESCARCEGA"
"30","151","CAZONES DE HERRERA"
"30","152","JESUS CARRANZA"
"30","152","NARANJAL"
"30","152","PLAYA VICENTE"
"30","152","ALDAMA (VILLA)"
"03","152","ISLA DE CEDROS"
"25","152","NAVOLATO"
"19","152","SUBDEL 1 NOROESTE MTY"
"19","152","SUBDEL 2 NORESTE MTY"
"19","152","SUBDEL 3 SUROESTE MTY"
"19","152","SUBDEL 4 SURESTE MTY"
"30","153","EL HIGO VER"
"10","153","NUEVO IDEAL DGO"
"18","153","BAHIA DE BANDERAS"
"21","153","PUEBLA SUR"
"26","153","GRAL PLUTARCO ELIAS CALLES"
"01","153","AGUASCALIENTES SUR"
"07","153","SAN JUAN CANCUC"
"01","153","SAN FRANCISCO DE LOS ROMO"
"01","153","EL LLANO"
"31","153","MERIDA SUR"
"03","154","LORETO B C S"
"23","154","SOLIDARIDAD"
"24","154","SAN LUIS POTOSI PONIENTE"
"15","154","VALLE DE CHALCO SOLIDARIDAD"
"24","154","EL NARANJO"
"24","154","MATLAPA"
"08","154","JUAREZ 2"
"19","154","GUADALUPE (APODACA)"
"19","154","SAN NICOLAS DE LOS GARZA (APODACA)"
"29","154","SAN FRANCISCO TETLANOHCAN"
"29","155","SANTA APOLONIA TEACALCO"
"29","155","SANTA CRUZ QUILEHTLA"
"29","155","LA MAGDALENA TLALTELULCO"
"29","155","SAN JUAN HUACTZINCO"
"29","155","SANTA ISABEL XILOXOXTLA"
"29","155","SAN JOSE TEACALCO"
"29","155","SANTA CATARINA AYOMETLA"
"29","155","SAN DAMIAN TEXOLOC"
"29","155","SAN JERONIMO ZACUALPAN"
"29","155","SAN LUCAS TECOPILCO"
"29","156","SANTA ANA NOPALUCAN"
"29","156","SAN LORENZO AXOCOMANITLA"
"29","156","BENITO JUAREZ"
"02","156","PLAYAS DE ROSARITO B C"
"26","156","BENITO JUAREZ"
"26","156","SAN IGNACIO RIO MUERTO"
"30","156","CARLOS A. CARRILLO"
"09","156","ALVARO OBREGON"
"09","156","AZCAPOTZALCO"
"09","156","BENITO JUAREZ"
"09","157","COYOACAN"
"09","157","CUAJIMALPA DE MORELOS"
"09","157","CUAUHTEMOC"
"09","157","GUSTAVO A. MADERO"
"09","157","IZTACALCO"
"09","157","IZTAPALAPA"
"09","157","MAGDALENA CONTRERAS"
"09","157","MIGUEL HIDALGO"
"09","157","MILPA ALTA"
"09","157","TLAHUAC"
"09","158","TLALPAN"
"09","158","VENUSTIANO CARRANZA"
"09","158","XOCHIMILCO"
"28","461","MIER TAM"
"28","462","MIGUEL ALEMAN TAM"
"30","136","SOCONUSCO"
"30","136","IXHUATLAN DEL SURESTE"
"30","136","MOLOACAN"
"30","136","LA PERLA"
"30","136","MARIANO ESCOBEDO"
"30","136","CAMARON TEJEDA"
"30","136","IXHUATLANCILLO"
"30","136","TLILAPAN"
"30","136","ACULTZINGO"
"30","137","JUAN RODRIGUEZ CLARA"
"31","137","TICUL"
"31","137","AKIL"
"31","137","BUCTZOTZ"
"31","137","CALOTMUL"
"31","137","CUNCUNUL"
"31","137","CHACSIKIN"
"31","137","CHEMAX"
"31","137","CHICHIMILA"
"31","137","CHUMAYEL"
"31","138","DZAN"
"31","138","DZILAM DE BRAVO"
"31","138","ESPITA"
"31","138","KANTUNIL"
"31","138","KAUA"
"31","138","MANI"
"31","138","MUNA"
"31","138","OPICHEN"
"31","138","OXKUTZCAB"
"31","138","PANABA"
"31","139","SAN FELIPE"
"31","139","SANTA ELENA"
"31","139","SOTUTA"
"31","139","SUCILA"
"31","139","TAHDZIU"
"31","139","TEABO"
"31","139","TEKAX"
"31","139","TEKOM"
"31","139","TEMOZON"
"31","139","TINUM"
"31","140","TIXCACALCUPUL"
"31","140","TIXMEUAC"
"31","140","TUNKAS"
"31","140","UAYMA"
"32","140","NORIA DE ANGELES"
"32","140","BENITO JUAREZ"
"32","140","MIGUEL AUZA"
"32","140","APOZOL"
"32","140","MOMAX"
"32","140","ATOLINGA"
"32","141","TEPECHITLAN"
"32","141","PANUCO"
"32","141","ENRIQUE ESTRADA"
"32","141","SAIN ALTO"
"32","141","SUSTICACAN"
"32","141","TEPETONGO"
"32","141","TABASCO"
"32","141","MORELOS"
"32","141","CALERA"
"32","141","VILLA GONZALEZ ORTEGA"
"32","142","TLALTENANGO DE SANCHEZ ROMAN"
"32","142","TEUL DE GONZALEZ ORTEGA"
"32","142","MONTE ESCOBEDO"
"32","142","JUAN ALDAMA"
"32","142","VALPARAISO"
"32","142","VILLA DE COS"
"32","142","VILLANUEVA"
"32","142","VILLA HIDALGO"
"15","142","ATIZAPAN"
"14","142","GUADALAJARA JUAREZ"
"08","143","BOCOYNA"
"08","143","TEMOSACHIC"
"08","143","URIQUE"
"08","143","GUACHOCHI"
"08","143","IGNACIO ZARAGOZA"
"10","143","NAZAS DGO"
"12","143","BUENAVISTA DE CUELLAR"
"12","144","IXCATEOPAN DE CUAUHTEMOC"
"12","144","TEPECOACUILCO DE TRUJANO"
"21","379","SAN MIGUEL XOXTLA"
"21","380","SAN PEDRO CHOLULA"
"21","381","TEHUACAN"
"21","382","TEPANCO DE LOPEZ"
"21","383","TEPEOJUMA"
"21","384","TEZIUTLAN"
"21","385","TILAPA"
"21","386","XOCHILTEPEC"
"21","387","ZOQUITLAN"
"22","388","CORREGIDORA (PUEBLITO)"
"22","389","QUERETARO"
"22","390","SAN JUAN DEL RIO"
"22","391","TEQUISQUIAPAN"
"22","392","EL MARQUES"
"22","393","PEDRO ESCOBEDO"
"23","394","COZUMEL"
"23","395","OTHON P BLANCO"
"24","396","ALAQUINES"
"24","397","AQUISMON"
"24","398","CARDENAS"
"24","399","CIUDAD DEL MAIZ"
"24","400","CIUDAD FERNANDEZ"
"24","401","CIUDAD VALLES"
"24","402","MATEHUALA"
"24","403","RAYON"
"24","404","RIOVERDE"
"24","405","SAN LUIS POTOSI ORIENTE"
"24","406","SANTA CATARINA"
"24","407","SOLEDAD DE GRACIANO SANCHEZ"
"24","408","TAMASOPO"
"24","409","TAMUIN"
"24","410","TANLAJAS"
"24","411","VILLA DE LA PAZ"
"25","412","AHOME"
"25","413","ANGOSTURA"
"25","414","BADIRAGUATO"
"25","415","CULIACAN"
"25","416","EL FUERTE"
"25","417","ESCUINAPA DE HIDALGO"
"25","418","GUASAVE"
"25","419","MAZATLAN"
"25","420","ROSARIO"
"25","421","SALVADOR ALVARADO"
"26","422","AGUA PRIETA"
"26","423","ALTAR"
"26","424","BACUM"
"14","143","GUADALAJARA LIBERTAD REFORMA"
"26","425","CABORCA"
"26","426","CAJEME"
"26","427","EMPALME"
"16","115","CHURINTZIO"
"16","116","NUMARAN"
"16","116","MARAVATIO"
"16","116","CONTEPEC"
"16","116","HUETAMO"
"16","116","SAN LUCAS"
"16","116","TANGANCICUARO"
"16","116","PUREPERO"
"16","116","TLAZAZALCA"
"30","116","TAMPICO ALTO VER"
"16","116","COJUMATLAN DE REGULES"
"16","117","IRIMBO"
"16","117","APORO"
"16","117","TUXPAN"
"16","117","SENGUIO"
"16","117","CHARO"
"16","117","ALVARO OBREGON"
"16","117","CHAVINDA"
"16","117","TANGAMANDAPIO"
"16","117","ZIRACUARETIRO"
"16","117","NUEVO PARANGARICUTIRO"
"16","118","COENEO"
"16","118","JIMENEZ"
"16","118","YURECUARO"
"14","118","DEGOLLADO"
"16","118","NAHUATZEN"
"16","118","ECUANDUREO"
"06","118","CHINICUILA"
"16","118","VILLAMAR"
"16","118","COALCOMAN DE VAZQUEZ PALLARES"
"16","118","TIQUICHEO DE NICOLAS ROMERO"
"16","119","TUMBISCATIO"
"16","119","TUZANTLA"
"16","119","AGUILILLA"
"16","119","HUANIQUEO"
"16","119","IXTLAN"
"16","119","TANCITARO"
"16","119","CARACUARO"
"16","119","CUITZEO"
"16","119","CHUCANDIRO"
"16","119","STA ANA MAYA"
"16","120","HUANDACAREO"
"16","120","COPANDARO"
"16","120","TZITZIO"
"16","120","MARCOS CASTELLANOS"
"16","120","JUAREZ"
"16","120","SUSUPUATO"
"06","120","COAHUAYANA"
"06","120","AQUILA"
"24","120","EBANO"
"24","120","VILLA DE RAMOS"
"24","121","VILLA DE GUADALUPE"
"24","121","TANCANHUITZ DE SANTOS"
"24","121","COXCATLAN"
"24","121","HUEHUETLAN"
"24","121","SAN ANTONIO"
"24","121","TAMPAMOLON CORONA"
"24","121","VENADO"
"24","121","MOCTEZUMA"
"24","121","XILITLA"
"24","121","AXTLA DE TERRAZAS"
"16","275","TARETAN"
"16","276","TINGUINDIN"
"16","277","TOCUMBO"
"16","278","TURICATO"
"16","279","URUAPAN"
"16","280","VENUSTIANO CARRANZA"
"16","281","ZACAPU"
"16","282","ZAMORA"
"16","283","ZITACUARO"
"16","284","TARIMBARO"
"17","285","AMACUZAC"
"17","286","AYALA"
"17","287","COATLAN DEL RIO"
"17","288","CUAUTLA"
"17","289","CUERNAVACA"
"17","290","EMILIANO ZAPATA"
"17","291","JIUTEPEC"
"17","292","JOJUTLA"
"17","293","JONACATEPEC"
"17","294","MAZATEPEC"
"17","295","MIACATLAN"
"17","296","PUENTE DE IXTLA"
"17","297","TEMIXCO"
"17","298","TEPOZTLAN"
"17","299","TETECALA"
"17","300","TLALTIZAPAN"
"17","301","TLAQUILTENANGO"
"17","302","TLAYACAPAN"
"17","303","X0CHITEPEC"
"17","304","YAUTEPEC"
"17","305","ZACATEPEC"
"18","306","XALISCO"
"18","307","STA MA DEL ORO"
"18","308","SANTIAGO IXCUINTLA"
"18","309","TEPIC"
"18","310","TUXPAN"
"19","311","ALLENDE"
"19","312","APODACA"
"19","313","CADEREYTA DE JIMENEZ"
"19","314","CARMEN"
"19","315","GARCIA"
"19","316","SAN PEDRO GARZA GARCIA"
"19","317","GENERAL ESCOBEDO"
"19","318","GENERAL TERAN"
"19","319","GUADALUPE"
"19","320","HUALAHUISES"
"19","321","JUAREZ"
"19","322","LINARES"
"19","323","MONTEMORELOS"
"19","324","MONTERREY"
"19","325","PESQUERIA"
"19","326","SABINAS HIDALGO"
"19","327","SALINAS VICTORIA"
"19","328","SAN NICOLAS DE LOS GARZA"
"19","329","SANTA CATARINA"
"19","330","SANTIAGO"
"20","331","ACATLAN DE PEREZ FIGUEROA OAX"
"20","332","CIUDAD IXTEPEC"
"20","333","COSOLAPA OAX"
"20","334","EL BARRIO DE LA SOLEDAD"
"20","335","IXTLAN DE JUAREZ"
"20","336","JUCHITAN DE ZARAGOZA"
"20","337","LOMA BONITA"
"20","338","MAGDALENA APASCO"
"20","339","MAGDALENA TEQUISISTLAN"
"20","340","MATIAS ROMERO"
"20","341","OAXACA DE JUAREZ"
"20","342","SALINA CRUZ"
"20","343","SAN AGUSTIN DE LAS JUNTAS"
"20","344","SAN AGUSTIN ETLA"
"20","345","SAN JUAN ATEPEC"
"20","346","SAN JUAN BAUTISTA CUICATLAN"
"20","347","SAN JUAN BAUTISTA TUXTEPEC"
"20","348","SAN JUAN DEL ESTADO"
"20","349","SAN LUCAS OJITLAN"
"20","350","NUEVO SOYALTEPEC OAX"
"20","351","SAN PABLO ETLA"
"20","352","SANTA CATARINA IXTEPEJI"
"20","353","SANTA CRUZ AMILPAS"
"20","354","STA MA TECOMAVACA, OAX."
"20","355","SANTO DOMINGO INGENIO"
"20","356","SANTO DOMINGO TEHUANTEPEC"
"20","357","TEOTITLAN DE FLORES MAGON OAX"
"21","358","AJALPAN"
"21","359","ALTEPEXI"
"21","360","AMOZOC"
"21","361","ATLIXCO"
"21","362","ATZALA"
"21","363","COXCATLAN"
"21","364","CUAUTLANCINGO"
"21","365","CHIAUTLA"
"21","366","CHIETLA"
"21","367","EPATLAN"
"21","368","HUAUCHINANGO"
"21","369","IZUCAR DE MATAMOROS"
"21","370","JUAN GALINDO"
"21","371","NOPALUCAN"
"21","372","PUEBLA"
"21","373","RAFAEL LARA GRAJALES"
"28","463","NUEVO LAREDO TAM"
"28","464","NUEVO MORELOS TAM"
"28","465","OCAMPO TAM"
"28","466","CD REYNOSA TAM"
"28","467","RIO BRAVO TAM"
"28","468","TAMPICO TAM"
"28","469","VALLE HERMOSO TAM"
"28","470","CD VICTORIA TAM"
"28","471","XICOTENCATL TAM"
"29","472","AMAXAC DE GUERRERO"
"29","473","APETATITLAN DE ANTONIO CARVAJAL"
"29","474","APIZACO"
"29","475","CALPULALPAN"
"29","476","CHIAUTEMPAN"
"29","477","STA CRUZ TLAXCALA"
"29","478","TLAXCALA"
"29","479","PAPALOTLA DE XICOHTENCATL"
"29","480","XICOTZINGO"
"29","481","ZACATELCO"
"30","482","ACATLAN"
"30","483","ACAYUCAN"
"30","484","ACTOPAN"
"30","485","ACULA"
"30","486","ALVARADO"
"30","487","AMATITLAN"
"30","488","AMATLAN DE LOS REYES"
"30","489","ANGEL R CABADA"
"30","490","APAZAPAN"
"30","491","ATOYAC"
"30","492","ATZACAN"
"30","493","ATZALAN"
"30","494","BANDERILLA"
"30","495","BOCA DEL RIO"
"30","496","CAMERINO Z MENDOZA"
"30","497","CARRILLO PUERTO"
"30","498","COATEPEC"
"30","499","COATZACOALCOS"
"30","500","COETZALA"
"30","501","CORDOBA"
"30","502","COSAMALOAPAN"
"30","503","COSAUTLAN DE CARVAJAL"
"30","504","COSCOMATEPEC"
"30","505","COSOLEACAQUE"
"30","506","COTAXTLA"
"30","507","CUICHAPA"
"30","508","CUITLAHUAC"
"30","509","CHACALTIANGUIS"
"30","510","CHOCAMAN"
"30","511","EMILIANO ZAPATA"
"30","512","FORTIN"
"30","513","HUATUSCO"
"30","514","HUEYAPAN DE OCAMPO"
"30","515","IGNACIO DE LA LLAVE"
"30","516","IXHUATLAN DEL CAFE"
"30","517","IXMATLAHUACAN"
"30","518","IXTACZOQUITLAN"
"30","519","XALAPA"
"30","520","JALCOMULCO"
"30","521","JALTIPAN"
"30","522","XICO"
"30","523","JILOTEPEC"
"30","524","LA ANTIGUA"
"30","525","LERDO DE TEJADA"
"30","526","MARTINEZ DE LA TORRE"
"30","527","MEDELLIN"
"30","528","MIAHUATLAN"
"30","529","MINATITLAN"
"30","530","MISANTLA"
"30","531","NAOLINCO"
"30","532","NAUTLA"
"30","533","NOGALES"
"30","534","OMEALCA"
"30","535","ORIZABA"
"30","536","OTATITLAN"
"30","537","OZULUAMA"
"30","538","PANUCO VER"
"30","539","PAPANTLA"
"30","540","PASO DEL MACHO"
"30","541","PASO DE OVEJAS"
"30","542","PEROTE"
"30","543","PLATON SANCHEZ"
"30","544","POZA RICA DE HIDALGO"
"30","545","VIGAS DE RAMIREZ LAS"
"30","546","RAFAEL DELGADO"
"30","547","RIO BLANCO"
"30","548","SALTABARRANCA"
"30","549","SAN ANDRES TUXTLA"
"30","550","SAN JUAN EVANGELISTA"
"30","551","SANTIAGO TUXTLA"
"30","552","TANTOYUCA"
"30","553","TEMPOAL VER"
"30","554","TEOCELO"
"30","555","TEPATLAXCO"
"30","556","JOSE AZUETA"
"30","557","TEZONAPA"
"30","558","TEXISTEPEC"
"30","559","TIERRA BLANCA"
"30","560","TIHUATLAN"
"30","561","TLACOJALPAN"
"30","562","TLACOTALPAN"
"30","563","TLALIXCOYAN"
"30","564","TLAPACOYAN"
"30","565","TOMATLAN"
"30","566","TONAYAN"
"30","567","TUXPAN"
"30","568","TUXTILLA"
"30","569","URSULO GALVAN"
"30","570","VERACRUZ"
"30","571","YANGA"
"30","572","ZENTLA"
"30","573","ZONGOLICA"
"30","574","AMATLAN TUXPAN"
"30","575","CERRO AZUL"
"30","576","CHICONTEPEC"
"30","577","CHINAMPA DE GOROSTIZA"
"30","578","TAMALIN"
"30","579","TAMIAHUA"
"30","580","TANCOCO"
"30","581","TANTIMA"
"30","582","TEMAPACHE"
"30","583","ISLA"
"30","584","CATEMACO"
"30","585","HUILOAPAN DE CUAUHTEMOC"
"31","586","ABALA"
"31","587","ACANCEH"
"31","588","BACA"
"31","589","BOKOBA"
"31","590","CACALCHEN"
"31","591","CANSAHCAB"
"31","592","CONKAL"
"31","593","CUZAMA"
"31","594","CHAPAB"
"31","595","CHICXULUB"
"31","596","CHOCHOLA"
"31","597","DZEMUL"
"31","598","DZIDZANTUN"
"31","599","DZILAM GONZALEZ"
"31","600","DZONCAUICH"
"31","601","HALACHO"
"31","602","HOCABA"
"31","603","HOCTUN"
"31","604","HOMUN"
"31","605","HUHI"
"31","606","HUNUCMA"
"31","607","IXIL"
"31","608","IZAMAL"
"31","609","KANASIN"
"31","610","KINCHIL"
"31","611","KOPOMA"
"31","612","MAMA"
"31","613","MAXCANU"
"31","614","MERIDA NORTE"
"31","615","MOCOCHA"
"31","616","MOTUL"
"31","617","MUXUPIP"
"31","618","PETO"
"31","619","PROGRESO"
"31","620","RIO LAGARTOS"
"31","621","SACALUM"
"31","622","SAMAHIL"
"31","623","SANAHCAT"
"31","624","SEYE"
"31","625","SINANCHE"
"31","626","SUDZAL"
"31","627","SUMA"
"12","912","TTE JOSE AZUETA"
"15","913","ALMOLOYA DEL RIO"
"15","914","CAPULHUAC"
"14","915","IXTLAHUACAN DEL RIO"
"18","916","JALA"
"25","917","CHOIX"
"25","918","CONCORDIA"
"25","919","SAN IGNACIO"
"17","920","ATLATLAHUACAN"
"17","921","AXOCHIAPAN"
"17","922","JANTETELCO"
"17","923","OCUITUCO"
"17","924","TEPALCINGO"
"17","925","TETELA DEL VOLCAN"
"17","926","TLALNEPANTLA"
"17","927","TOTOLAPAN"
"08","928","LOPEZ"
"08","929","MATAMOROS"
"17","930","YECAPIXTLA"
"17","931","ZACUALPAN"
"12","932","APAXTLA"
"05","933","ABASOLO"
"05","934","CANDELA (COAH)"
"05","935","ESCOBEDO"
"05","936","JUAREZ"
"05","937","LA MADRID"
"05","938","NADADORES"
"05","939","OCAMPO"
"05","940","SACRAMENTO"
"13","941","ACATLAN"
"13","942","ACAXOCHITLAN"
"13","943","AGUA BLANCA"
"13","944","ALMOLOYA"
"13","945","EMILIANO ZAPATA"
"13","946","EPAZOYUCAN"
"13","947","METEPEC"
"13","948","SINGUILUCAN"
"13","949","TLANALAPA"
"13","950","ZEMPOALA"
"15","951","AXAPUSCO"
"15","952","NOPALTEPEC"
"15","953","OTUMBA"
"15","954","SAN MARTIN DE LAS PIRAMIDES"
"21","955","TLAHUAPAN"
"29","956","ESPA&ITA"
"29","957","HUEYOTLIPAN"
"29","958","SANCTORUM DE LAZARO CARDENAS"
"29","959","PANOTLA"
"15","960","ACAMBAY"
"21","961","CALTEPEC"
"21","962","ZAPOTITLAN"
"24","963","CEDRAL"
"13","964","ATOTONILCO EL GRANDE"
"13","965","HUASCA DE OCAMPO"
"13","966","METZQUITITLAN"
"13","967","METZTITLAN"
"13","968","MINERAL DEL CHICO"
"13","969","MOLANGO"
"13","970","TIANGUISTENGO"
"13","971","ZACUALTIPAN"
"13","972","OMITLAN DE JUAREZ"
"01","001","AGUASCALIENTES"
"01","002","JESUS MARIA"
"01","003","PABELLON DE ARTEAGA"
"01","004","RINCON DE ROMOS"
"02","005","ENSENADA BC"
"02","006","MEXICALI BC"
"02","007","TECATE BC"
"02","008","TIJUANA BC"
"03","009","LA PAZ"
"04","010","CAMPECHE"
"04","011","CARMEN"
"04","012","CHAMPOTON"
"04","013","CALKINI"
"04","014","HECELCHAKAN"
"04","015","HOPELCHEN"
"04","016","PALIZADA"
"04","017","TENABO"
"05","018","ACUNA"
"05","019","ALLENDE"
"05","020","ARTEAGA"
"05","021","CASTANOS"
"05","022","FCO I MADERO"
"05","023","FRONTERA"
"05","024","GUERRERO"
"05","025","JIMENEZ"
"05","026","MATAMOROS"
"05","027","MONCLOVA"
"05","028","MORELOS"
"05","029","MUZQUIZ"
"05","030","NAVA"
"05","031","PARRAS DE LA FUENTE"
"05","032","PIEDRAS NEGRAS"
"05","033","PROGRESO"
"05","034","RAMOS ARIZPE"
"05","035","SABINAS"
"05","036","SALTILLO"
"05","037","SAN BUENAVENTURA"
"05","038","SN JUAN SABINAS"
"05","039","SAN PEDRO"
"05","040","TORREON"
"05","041","VIESCA"
"05","042","VILLA UNION"
"05","043","ZARAGOZA"
"06","044","ARMERIA"
"06","045","COLIMA"
"06","046","COQUIMATLAN"
"06","047","CUAUHTEMOC"
"06","048","MANZANILLO"
"06","049","TECOMAN"
"06","050","MINATITLAN"
"07","051","ACALA"
"07","052","ARRIAGA"
"07","053","CACAHOATAN"
"07","054","COMITAN"
"07","055","CHIAPA DE CORZO"
"07","056","FRONTERA HIDALGO"
"07","057","HUEHUETAN"
"07","058","HUIXTLA"
"07","059","LAS ROSAS"
"07","060","MAZATAN"
"07","061","METAPA"
"07","062","SN CRISTOBAL DE LAS CASAS"
"07","063","SOCOLTENANGO"
"07","064","SUCHIATE"
"07","065","TAPACHULA"
"06","066","IXTLAHUACAN"
"07","067","TONALA"
"07","068","TUXTLA GTEZ"
"07","069","TUXTLA CHICO"
"07","070","TUZANTAN"
"07","071","UNION JUAREZ"
"07","072","VENUSTIANO CARRANZA"
"08","073","AHUMADA"
"08","074","ALDAMA"
"08","075","AQUILES SERDAN"
"08","076","BACHINIVA"
"08","077","CAMARGO"
"08","078","CUAUHTEMOC"
"08","079","CUSIHUIRIACHIC"
"08","080","CHIHUAHUA"
"08","081","DELICIAS"
"08","082","JIMENEZ"
"08","083","JUAREZ"
"08","084","JULIMES"
"08","085","MEOQUI"
"08","086","NUEVO CASAS GRANDES"
"08","087","RIVA PALACIO"
"08","088","ROSALES"
"08","089","SAUCILLO"
"08","090","ASCENSION"
"08","091","CARICHIC"
"08","092","GENERAL TRIAS"
"08","093","GRAN MORELOS"
"08","094","GUADALUPE"
"08","095","HGO PARRAL"
"08","096","MADERA"
"08","097","PRAXEDIS G GUERRERO"
"08","098","SN FCO ORO"
"08","099","STA BARBARA"
"10","100","CANATLAN"
"10","101","CUENCAME"
"10","102","DURANGO"
"10","103","EL ORO"
"10","104","GOMEZ PALACIO"
"10","105","GPE VICTORIA"
"10","106","GUANACEVI"
"10","107","LERDO"
"10","108","MAPIMI"
"10","109","MEZQUITAL"
"10","110","OCAMPO"
"10","111","POANAS"
"10","112","PUEBLO NUEVO"
"10","113","SN DIMAS"
"10","114","TLAHUALILO"
"10","115","VICENTE GUERRERO"
"11","116","ACAMBARO"
"11","117","ALLENDE SAN MIGUEL"
"11","118","CELAYA"
"11","119","COMONFORT"
"11","120","CORTAZAR"
"11","121","DOLORES HIDALGO"
"11","122","GUANAJUATO"
"11","123","IRAPUATO"
"11","124","LEON"
"11","125","MOROLEON"
"11","126","PENJAMO"
"11","127","PURISIMA RINCON"
"11","128","SALAMANCA"
"11","129","SALVATIERRA"
"11","130","SAN FRANCISCO RINCON"
"11","131","SAN LUIS PAZ"
"11","132","STA CRUZ J ROSAS"
"11","133","SILAO"
"11","134","URIANGATO"
"11","135","VILLAGRAN"
"11","136","VALLE DE SANTIAGO"
"12","137","ACAPULCO DE JUAREZ"
"12","138","COCULA"
"12","139","CHILPANCINGO DE LOS BRAVO"
"12","140","IGUALA DE LA INDEPENDENCIA"
"12","141","TAXCO DE ALARCON"
"13","142","ATOTONILCO DE TULA"
"13","143","APAN"
"13","144","CUAUTEPEC"
"13","145","MINERAL DE LA REFORMA"
"13","146","PACHUCA"
"13","147","SANTIAGO TULANTEPEC"
"13","148","TEPEAPULCO"
"13","149","TEPEJI DE OCAMPO"
"13","150","TULA DE ALLENDE"
"13","151","TULANCINGO"
"14","152","ACATLAN DE JUAREZ"
"14","153","AHUALULCO DEL MERCADO"
"14","154","AMATITAN"
"14","155","AMECA"
"14","156","ARANDAS"
"14","157","ATOTONILCO EL ALTO."
"14","158","AUTLAN DE NAVARRO"
"14","159","CASIMIRO CASTILLO"
"14","160","CIUDAD GUZMAN"
"14","161","COCULA"
"14","162","CHAPALA"
"14","163","ARENAL"
"14","164","EL SALTO"
"14","165","GUACHINANGO"
"14","166","GUADALAJARA"
"14","167","IZTLAHUACAN DE LOS MEMBRILLOS"
"14","168","LA BARCA"
"14","169","LA HUERTA"
"14","170","LAGOS DE MORENO"
"14","171","OCOTLAN"
"14","172","PIHUAMO"
"14","173","PONCITLAN"
"14","174","PUERTO VALLARTA"
"14","175","SN JUAN DE LOS LAGOS"
"14","176","SN MARTIN HGO"
"14","177","GOMEZ FARIAS"
"14","178","SAYULA"
"14","179","TALA"
"14","180","TAMAZULA DE GORDIANO"
"14","181","TECALITLAN"
"14","182","TECOLOTLAN"
"14","183","TEOCALTICHE"
"14","184","TEPATITLAN DE MORELOS"
"14","185","TEQUILA"
"14","186","TEUCHITLAN"
"14","187","TLAQUEPAQUE"
"14","188","TONILA"
"14","189","TUXPAN"
"14","190","VILLA CORONA"
"14","191","ZAPOPAN"
"14","192","ZAPOTILTIC"
"20","193","SAN FRANCISCO TELIXTLAHUACA"
"15","194","ACOLMAN"
"15","195","AMECAMECA"
"15","196","SAN SALVADOR ATENCO"
"15","197","ATIZAPAN DE ZARAGOZA"
"15","198","ATLAUTLA"
"15","199","AYAPANGO"
"15","200","COACALCO"
"15","201","COCOTITLAN"
"15","202","COYOTEPEC"
"15","203","CUAUTITLAN"
"15","204","CHALCO"
"15","205","CHAPA DE MOTA"
"15","206","CHIAUTLA"
"15","207","CHICOLOAPAN"
"15","208","CHICONCUAC"
"15","209","CHIMALHUACAN"
"15","210","ECATEPEC"
"15","211","HUEHUETOCA"
"15","212","HUIXQUILUCAN"
"15","213","IXTAPALUCA"
"15","214","LA PAZ"
"15","215","MELCHOR OCAMPO"
"15","216","NAUCALPAN"
"15","217","NEZAHUALCOYOTL"
"15","218","NICOLAS ROMERO"
"15","219","OZUMBA"
"15","220","PAPALOTLA"
"15","221","TECAMAC"
"15","222","TEOLOYUCAN"
"15","223","TEOTIHUACAN"
"15","224","TEPETLAOXTOC"
"15","225","TEZCOCO"
"15","226","TEZOYUCA"
"15","227","TLALMANALCO"
"15","228","TLALNEPANTLA"
"15","229","TULTEPEC"
"15","230","TULTITLAN"
"15","231","VILLA DEL CARBON"
"15","232","ECATZINGO"
"15","233","JUCHITEPEC"
"15","234","LERMA"
"15","235","METEPEC"
"15","236","OTZOLOTEPEC"
"15","237","SAN MATEO ATENCO"
"15","238","TEMAMATLA"
"15","239","TENANGO DEL AIRE"
"15","240","TEPETLIXPA"
"15","241","TEPOTZOTLAN"
"15","242","TOLUCA"
"15","243","ZINACANTEPEC"
"15","244","OCOYOACAC"
"15","245","APAXCO"
"15","246","IXTAPAN DE LA SAL"
"15","247","IXTLAHUACA"
"15","248","JOCOTITLAN"
"15","249","TENANCINGO"
"16","250","APATZINGAN"
"16","251","ARTEAGA"
"16","252","COTIJA"
"16","253","CHARAPAN"
"16","254","CHERAN"
"16","255","CHILCHOTA"
"16","256","GABRIEL ZAMORA"
"16","257","HIDALGO"
"16","258","JACONA"
"16","259","JIQUILPAN"
"16","260","JUNGAPEO"
"16","261","LA PIEDAD"
"16","262","LAZARO CARDENAS"
"16","263","LOS REYES"
"16","264","MORELIA"
"16","265","MUGICA"
"16","266","NOCUPETARO"
"16","267","NUEVO URECHO"
"16","268","PARACUARO"
"16","269","PARACHO"
"16","270","PATZCUARO"
"16","271","PERIBAN"
"16","272","QUIROGA"
"16","273","SAHUAYO"
"16","274","TACAMBARO"
"31","628","TAHMEK"
"31","629","TECOH"
"31","630","TEKAL DE VENEGAS"
"31","631","TEKANTO"
"31","632","TEKIT"
"31","633","TELCHAC PUEBLO"
"31","634","TELCHAC PUERTO"
"31","635","TEMAX"
"31","636","TEPAKAN"
"31","637","TETIZ"
"31","638","TEYA"
"31","639","TIMUCUY"
"31","640","TIXKOKOB"
"31","641","TIXPEUAL"
"31","642","TIZIMIN"
"31","643","TZUCACAB"
"31","644","UCU"
"31","645","UMAN"
"31","646","VALLADOLID"
"31","647","XOCCHEL"
"31","648","YAXKUKUL"
"31","649","YOBAIN"
"32","650","CA&ITAS DE FELIPE PESCADOR"
"32","651","CONCEPCION DEL ORO"
"32","652","FRESNILLO"
"32","653","GUADALUPE"
"32","654","JALPA"
"32","655","JEREZ"
"32","656","NOCHISTLAN DE MEJIA"
"32","657","PINOS"
"32","658","RIO GRANDE"
"32","659","SOMBRERETE"
"32","660","ZACATECAS"
"18","661","RUIZ"
"18","662","COMPOSTELA"
"18","663","SAN BLAS"
"18","664","ACAPONETA"
"18","665","TECUALA"
"18","666","ROSAMORADA"
"14","667","TOMATLAN"
"26","668","BENJAMIN HILL"
"26","669","CANANEA"
"24","670","CHARCAS"
"24","671","VILLA DE ZARAGOZA"
"32","672","VETAGRANDE"
"32","673","MAZAPIL"
"32","674","MELCHOR OCAMPO"
"32","675","CHALCHIHUITES"
"15","676","TIANGUISTENCO"
"06","677","COMALA"
"06","678","VILLA DE ALVAREZ"
"07","679","CINTALAPA"
"11","680","ABASOLO"
"12","681","ATOYAC DE ALVAREZ"
"12","682","JUAN R ESCUDERO"
"13","683","ACTOPAN"
"24","684","SANTA MARIA DEL RIO"
"11","685","APASEO EL GRANDE"
"12","686","COYUCA DE BENITEZ"
"25","687","SINALOA DE LEYVA"
"27","688","CENTLA"
"30","689","TOTUTLA"
"28","690","GUEMEZ TAM"
"29","691","HUAMANTLA"
"30","692","COATZINTLA"
"13","693","MINERAL DEL MONTE (REAL DEL MONTE)"
"11","694","SAN FELIPE"
"16","695","ANGANGUEO"
"19","696","HIDALGO"
"01","697","CALVILLO"
"12","698","SAN MARCOS"
"13","699","TIZAYUCA"
"15","700","ZUMPANGO"
"15","701","JILOTEPEC"
"15","702","VALLE DE BRAVO"
"21","703","XICOTEPEC"
"21","704","GRAL FELIPE ANGELES"
"21","705","TECAMACHALCO"
"21","706","ZACATLAN"
"11","707","SAN JOSE ITURBIDE"
"11","708","YURIRIA"
"20","709","ASUNCION IXTALTEPEC"
"14","710","AYOTLAN"
"14","711","CIHUATLAN"
"14","712","ENCARNACION DE DIAZ"
"14","713","ETZATLAN"
"14","714","EL GRULLO"
"14","715","JALOSTOTITLAN"
"14","716","JOCOTEPEC"
"14","717","MAGDALENA"
"14","718","TONALA"
"14","719","TLAJOMULCO DE ZU&IGA"
"14","720","YAHUALICA DE GLEZ GALLO"
"14","721","ZACOALCO DE TORRES"
"14","722","ZAPOTLANEJO"
"24","723","SALINAS"
"24","724","VILLA DE ARRIAGA"
"29","725","CONTLA DE JUAN CUAMATZI"
"29","726","NANACAMILPA DE MARIANO ARISTA"
"29","727","SN PABLO DEL MONTE"
"29","728","TLAXCO"
"30","729","LAS CHOAPAS"
"08","730","OJINAGA"
"03","731","MULEGE"
"05","732","CUATROCIENEGAS"
"01","733","ASIENTOS"
"01","734","COSIO"
"01","735","SAN JOSE DE GRACIA"
"01","736","TEPEZALA"
"11","737","APASEO EL ALTO"
"11","738","DR MORA"
"11","739","SAN DIEGO UNION"
"11","740","SANTA CATARINA"
"11","741","TIERRA BLANCA"
"11","742","VICTORIA"
"12","743","CHILAPA DE ALVAREZ"
"12","744","HUAMUXTITLAN"
"12","745","TIXTLA DE GUERRERO"
"12","746","TLAPA DE COMONFORT"
"12","747","ZITLALA"
"14","748","VILLA HIDALGO"
"20","749","CIENEGA DE ZIMATLAN"
"20","750","CUILAPAN DE GUERRERO"
"20","751","EJUTLA DE CRESPO"
"20","752","GUADALUPE ETLA"
"20","753","MAGDALENA OCOTLAN"
"20","754","MIAHUATLAN DE PORFIRIO DIAZ"
"20","755","NAZARENO ETLA"
"20","756","OCOTLAN DE MORELOS"
"20","757","REYES ETLA"
"20","758","SAN AGUSTIN YATARENI"
"20","759","SAN ANDRES HUAYAPAM"
"20","760","SAN ANDRES ZAUTLA"
"20","761","SAN ANTONINO CASTILLO VELASCO"
"20","762","SAN ANTONIO DE LA CAL"
"20","763","SAN BARTOLO COYOTEPEC"
"07","100","VILLA FLORES"
"07","100","ANGEL ALBINO CORZO"
"07","100","JIQUIPILAS"
"07","100","ESCUINTLA"
"07","100","ACACOYAHUA"
"07","100","ACAPETAHUA"
"07","100","TAPILULA"
"07","100","ISHUATAN"
"07","100","RAYON"
"07","101","BERRIOZABAL"
"07","101","CHAPILLA"
"07","101","LAS MARGARITAS"
"07","101","LA TRINITARIA"
"07","101","PUEBLO NVO COMATI"
"07","101","OCOZOCUAUTLA DE ESP"
"07","101","MOTOZINTLA"
"07","101","EL PORVENIR"
"07","101","BEJUCAL DE OCAMPO"
"07","101","MAZAPA DE MADERO"
"07","102","AMATENANGO DE LA F"
"08","102","CASAS GDES"
"08","102","GALEANA"
"08","102","JANOS"
"08","102","MATACHIC"
"08","102","NAMIQUIPA"
"08","102","GOMEZ FARIAS"
"08","102","LA CRUZ"
"08","102","SAN FCO CONCHOS"
"08","102","ALLENDE"
"08","103","BUENAVENTURA"
"10","103","NOMBRE DE DIOS"
"10","103","RODEO"
"10","103","SN JUAN DEL RIO"
"10","103","SANTIAGO PAPASQUIARO"
"10","103","TEPEHUANES"
"10","103","PANUCO DE CORONADO"
"11","103","OCAMPO"
"11","103","XICHU"
"11","103","ATARJEA"
"11","104","TARIMORO"
"11","104","MANUEL DOBLADO"
"11","104","ROMITA"
"11","104","CUERAMARO"
"11","104","JERECUARO"
"11","104","CORONEO"
"11","104","JARAL DEL PROGRESO"
"11","104","HUANIMARO"
"11","104","TARANDACUAO"
"11","104","SANTIAGO MARAVATIO"
"11","105","PUEBLO NUEVO"
"12","105","PETATLAN"
"12","105","TECPAN DE GALEANA"
"12","105","FLORENCIO VILLARREAL"
"12","105","CUAUTEPEC"
"12","105","BENITO JUAREZ"
"12","105","PUNGARABATO"
"12","105","COYUCA DE CATALAN"
"12","105","CUTZAMALA DE PINZON"
"12","105","ARCELIA"
"12","106","TLAPEHUALA"
"12","106","OMETEPEC"
"12","106","LEONARDO BRAVO"
"12","106","EDUARDO NERI"
"12","106","HUITZUCO DE LOS FIGUEROA"
"12","106","TELOLOAPAN"
"13","106","MIXQUIAHUALA"
"13","106","PROGRESO"
"13","106","TLAHUELILPAN"
"13","106","ATITALAQUIA"
"13","107","TLAXCOAPAN"
"13","107","TETEPANGO"
"13","107","AJACUBA"
"13","107","IXMIQUILPAN"
"13","107","TASQUILLO"
"14","107","STA MA DE LOS ANGELES"
"14","107","VILLA GUERRERO"
"14","107","SN MIGUEL EL ALTO"
"14","107","UNION DE SN ANTONIO"
"14","107","VALLE DE JUAREZ"
"14","108","QUITUPAN"
"14","108","TIZAPAN EL ALTO"
"14","108","CONCEPCION DE B AIRES"
"14","108","TEOCUITATLAN DE CORONA"
"14","108","AMACUECA"
"14","108","ATOYAC"
"14","108","TAPALPA"
"14","108","JUCHITLAN"
"14","108","TENAMAXTLAN"
"14","108","EJUTLA"
"14","109","CUAUTLA"
"14","109","TALPA DE ALLENDE"
"14","109","COLOTLAN"
"14","109","TOTATICHE"
"14","109","MANZANILLA DE LA PAZ"
"14","109","TUXCUECA"
"14","109","TECHALUTA DE MONTENEGRO"
"14","109","CD VENUSTIANO CARRANZA"
"14","109","UNION DE TULA"
"14","109","AYUTLA"
"14","110","MASCOTA"
"14","110","MAZAMITLA"
"14","110","JUANACATLAN"
"14","110","JAMAY"
"14","110","VILLA PURIFICACION"
"14","110","CUAUTITLAN"
"14","110","JESUS MARIA"
"14","110","EL LIMON"
"14","110","TOTOTLAN"
"14","110","BOLANOS"
"07","111","JITOTOL"
"20","764","SAN DIONICIO OCOTLAN"
"20","765","SAN FRANCISCO LACHIGOLO"
"20","766","SAN JACINTO AMILPAS"
"20","767","ANIMAS TRUJANO"
"20","768","SAN JUAN BAUTISTA GUELACHE"
"20","769","SAN JUAN CHILATECA"
"20","770","SAN JUAN DEL RIO"
"20","771","SAN JUAN EVANGELISTA ANALCO"
"20","772","SAN LORENZO ALBARRADAS"
"20","773","SAN LORENZO CACAOTEPEC"
"20","774","SAN MIGUEL EJUTLA"
"20","775","SAN MIGUEL TILQUIAPAM"
"20","776","SAN PABLO HUITZO"
"20","777","SAN PABLO HUIXTEPEC"
"20","778","SAN PABLO VILLA DE MITLA"
"20","779","SAN PEDRO APOSTOL"
"20","780","SAN PEDRO POCHUTLA"
"20","781","VILLA DE ETLA"
"20","782","SAN SEBASTIAN TUTLA"
"20","783","SANTA ANA ZEGACHE"
"20","784","SANTA CATARINA MINAS"
"20","785","SANTA CATARINA QUIANE"
"20","786","SANTA CRUZ XOXOCOTLAN"
"20","787","SANTA LUCIA DEL CAMINO"
"20","788","SANTA MARIA ATZOMPA"
"20","789","SANTA MARIA COYOTEPEC"
"20","790","SANTA MARIA DEL TULE"
"20","791","SANTIAGO MATATLAN"
"20","792","SANTO DOMINGO TOMALTEPEC"
"20","793","SANTO TOMAS MAZALTEPEC"
"20","794","SOLEDAD ETLA"
"20","795","TANICHE"
"20","796","TEOTITLAN DEL VALLE"
"20","797","TLACOLULA DE MATAMOROS"
"20","798","TLALIXTAC DE CABRERA"
"20","799","TRINIDAD ZAACHILA"
"20","800","YOGANA"
"20","801","VILLA DE ZAACHILA"
"20","802","ZIMATLAN DE ALVAREZ"
"22","803","AMEALCO DE BONFIL"
"22","804","PINAL DE AMOLES"
"22","805","CADEREYTA DE MONTES"
"22","806","COLON"
"22","807","EZEQUIEL MONTES"
"22","808","HUIMILPAN"
"22","809","JALPAN DE SERRA"
"22","810","LANDA DE MATAMOROS"
"22","811","PE&AMILLER"
"22","812","SAN JOAQUIN"
"22","813","TOLIMAN"
"24","814","TIERRANUEVA"
"24","815","VILLA DE REYES"
"32","816","CUAUHTEMOC"
"32","817","GENERAL PANFILO NATERA"
"32","818","HUANUSCO"
"32","819","LORETO"
"32","820","LUIS MOYA"
"32","821","OJOCALIENTE"
"32","822","VILLA GARCIA"
"20","823","SAN PEDRO MIXTEPEC"
"20","824","SANTA MARIA HUATULCO"
"07","825","BOCHIL"
"07","826","EL BOSQUE"
"07","827","CHICOASEN"
"07","828","HUITIUPAN"
"07","829","IXTAPA"
"07","830","OCOSINGO"
"07","831","OSUMACINTA"
"07","832","PUEBLO NVO SOLISTAHUACAN"
"07","833","SIMOJOVEL DE ALLENDE"
"07","834","SOYALO"
"07","835","TEOPISCA"
"21","836","ACAJETE"
"21","837","ACATZINGO"
"21","838","ALJOJUCA"
"21","839","CORONANGO"
"21","840","CUAPIAXTLA DE MADERO"
"21","841","CHALCHICOMULA DE SESMA"
"21","842","ESPERANZA"
"21","843","GUADALUPE VICTORIA"
"21","844","LIBRES"
"21","845","ORIENTAL"
"21","846","PALMAR DE BRAVO"
"21","847","QUECHOLAC"
"21","848","LOS REYES DE JUAREZ"
"21","849","SAN SALVADOR EL SECO"
"21","850","SAN SALVADOR HUIXCOLOTLA"
"21","851","TECALI DE HERRERA"
"21","852","TEPATLAXCO DE HIDALGO"
"21","853","TEPEACA"
"21","854","YEHUALTEPEC"
"26","855","ACONCHI"
"26","856","BANAMICHI"
"26","857","BAVIACORA"
"26","858","HUEPAC"
"26","859","MOCTEZUMA"
"26","860","SAN FELIPE DE JESUS"
"16","861","ACUTZIO"
"16","862","ARIO"
"16","863","ERONGARICUARO"
"16","864","LA HUACANA"
"16","865","HUIRAMBA"
"16","866","LAGUNILLAS"
"16","867","MADERO"
"16","868","SALVADOR ESCALANTE"
"16","869","TINGAMBATO"
"16","870","TZINTZUNTZAN"
"13","871","HUEJUTLA"
"24","872","SAN MARTIN CHALCHICUAUTLA"
"24","873","TAMAZUNCHALE"
"23","874","BENITO JUAREZ"
"23","875","ISLA MUJERES"
"29","876","CUAXOMULCO"
"29","877","IXTACUIXTLA DE MARIANO MATAMOROS"
"29","878","TEPETITLA DE LARDIZABAL"
"29","879","ACUAMANALA DE MIGUEL HIDALGO"
"29","880","NATIVITAS"
"29","881","TENANCINGO"
"29","882","TEPEYANCO"
"29","883","TETLATLAHUCA"
"29","884","TZOMPANTEPEC"
"29","885","XALOZTOC"
"29","886","XALTOCAN"
"29","887","YAUHQUEMEHCAN"
"20","888","HUAJUAPAM DE LEON"
"20","889","VILLA DE TAMAZULAPAM DEL PROGRESO"
"07","890","SN FERNANDO"
"21","891","PETLALCINGO"
"16","892","ANGAMACUTIRO"
"16","893","JOSE SIXTO VERDUZCO"
"16","894","MORELOS"
"16","895","PANINDICUARO"
"16","896","PENJAMILLO"
"16","897","PURUANDIRO"
"26","898","CUMPAS"
"14","899","ANTONIO ESCOBEDO"
"14","900","CUQUIO"
"14","901","HOSTOTIPAQUILLO"
"14","902","MEXTICACAN"
"14","903","SAN MARCOS"
"14","904","VALLE DE GUADALUPE"
"14","905","CA&ADAS DE OBREGON"
"18","906","AHUACATLAN"
"18","907","IXTLAN DEL RIO"
"32","908","APULCO"
"32","909","JUCHIPILA"
"14","910","MEZQUITIC"
"32","911","MOYAHUA DE ESTRADA"
